update hibernate_sequence set next_val = 1000;

insert into gifs.gif (id, favorite, name, tag) values (1,   true,   'gif1',   'tag 1-10');
insert into gifs.gif (id, favorite, name, tag) values (2,   false,  'gif2',   'tag 1-10');
insert into gifs.gif (id, favorite, name, tag) values (3,   false,  'gif3',   'tag 1-10');
insert into gifs.gif (id, favorite, name, tag) values (4,   false,  'gif4',   'tag 1-10');
insert into gifs.gif (id, favorite, name, tag) values (5,   false,  'gif5',   'tag 1-10');
insert into gifs.gif (id, favorite, name, tag) values (6,   false,  'gif6',   'tag 1-10');
insert into gifs.gif (id, favorite, name, tag) values (7,   false,  'gif7',   'tag 1-10');
insert into gifs.gif (id, favorite, name, tag) values (8,   false,  'gif8',   'tag 1-10');
insert into gifs.gif (id, favorite, name, tag) values (9,   false,  'gif9',   'tag 1-10');
insert into gifs.gif (id, favorite, name, tag) values (10,  true,   'gif10',  'tag 1-10');
insert into gifs.gif (id, favorite, name, tag) values (11,  false,  'gif11',  'tag 11-20');
insert into gifs.gif (id, favorite, name, tag) values (12,  false,  'gif12',  'tag 11-20');
insert into gifs.gif (id, favorite, name, tag) values (13,  false,  'gif13',  'tag 11-20');
insert into gifs.gif (id, favorite, name, tag) values (14,  false,  'gif14',  'tag 11-20');
insert into gifs.gif (id, favorite, name, tag) values (15,  false,  'gif15',  'tag 11-20');
insert into gifs.gif (id, favorite, name, tag) values (16,  false,  'gif16',  'tag 11-20');
insert into gifs.gif (id, favorite, name, tag) values (17,  false,  'gif17',  'tag 11-20');
insert into gifs.gif (id, favorite, name, tag) values (18,  false,  'gif18',  'tag 11-20');
insert into gifs.gif (id, favorite, name, tag) values (19,  false,  'gif19',  'tag 11-20');
insert into gifs.gif (id, favorite, name, tag) values (20,  true,   'gif20',  'tag 11-20');
insert into gifs.gif (id, favorite, name, tag) values (21,  false,  'gif21',  'tag 21-30');
insert into gifs.gif (id, favorite, name, tag) values (22,  false,  'gif22',  'tag 21-30');
insert into gifs.gif (id, favorite, name, tag) values (23,  false,  'gif23',  'tag 21-30');
insert into gifs.gif (id, favorite, name, tag) values (24,  false,  'gif24',  'tag 21-30');
insert into gifs.gif (id, favorite, name, tag) values (25,  false,  'gif25',  'tag 21-30');
insert into gifs.gif (id, favorite, name, tag) values (26,  false,  'gif26',  'tag 21-30');
insert into gifs.gif (id, favorite, name, tag) values (27,  false,  'gif27',  'tag 21-30');
insert into gifs.gif (id, favorite, name, tag) values (28,  false,  'gif28',  'tag 21-30');
insert into gifs.gif (id, favorite, name, tag) values (29,  false,  'gif29',  'tag 21-30');
insert into gifs.gif (id, favorite, name, tag) values (30,  false,  'gif30',  'tag 21-30');

insert into gifs.category (id, name) values (1, 'Category 1');
insert into gifs.category (id, name) values (2, 'Category 2');
insert into gifs.category (id, name) values (3, 'Category 3');

insert into gifs.category_gif (categories_id, gifs_id) values (1, 1);
insert into gifs.category_gif (categories_id, gifs_id) values (1, 2);
insert into gifs.category_gif (categories_id, gifs_id) values (1, 3);
insert into gifs.category_gif (categories_id, gifs_id) values (1, 4);
insert into gifs.category_gif (categories_id, gifs_id) values (1, 5);
insert into gifs.category_gif (categories_id, gifs_id) values (1, 6);
insert into gifs.category_gif (categories_id, gifs_id) values (1, 7);
insert into gifs.category_gif (categories_id, gifs_id) values (1, 8);
insert into gifs.category_gif (categories_id, gifs_id) values (1, 9);
insert into gifs.category_gif (categories_id, gifs_id) values (1, 10);
insert into gifs.category_gif (categories_id, gifs_id) values (2, 11);
insert into gifs.category_gif (categories_id, gifs_id) values (2, 12);
insert into gifs.category_gif (categories_id, gifs_id) values (2, 13);
insert into gifs.category_gif (categories_id, gifs_id) values (2, 14);
insert into gifs.category_gif (categories_id, gifs_id) values (2, 15);
insert into gifs.category_gif (categories_id, gifs_id) values (2, 16);
insert into gifs.category_gif (categories_id, gifs_id) values (2, 17);
insert into gifs.category_gif (categories_id, gifs_id) values (2, 18);
insert into gifs.category_gif (categories_id, gifs_id) values (2, 19);
insert into gifs.category_gif (categories_id, gifs_id) values (2, 20);
insert into gifs.category_gif (categories_id, gifs_id) values (3, 21);
insert into gifs.category_gif (categories_id, gifs_id) values (3, 22);
insert into gifs.category_gif (categories_id, gifs_id) values (3, 23);
insert into gifs.category_gif (categories_id, gifs_id) values (3, 24);
insert into gifs.category_gif (categories_id, gifs_id) values (3, 25);
insert into gifs.category_gif (categories_id, gifs_id) values (3, 26);
insert into gifs.category_gif (categories_id, gifs_id) values (3, 27);
insert into gifs.category_gif (categories_id, gifs_id) values (3, 28);
insert into gifs.category_gif (categories_id, gifs_id) values (3, 29);
insert into gifs.category_gif (categories_id, gifs_id) values (3, 30);
